1,1088 Email Press,http://1088.email/
2,2425 Publishers,http://2425publishers.org/
3,A M Publishers,http://ampublisher.com/index.html
4,ABC Journals,http://www.abcjournals.net/
5,Abhinav,http://www.abhinavjournal.com/
6,Academe Research Journals,http://www.academeresearchjournals.org/
7,Academia Publishing,http://academiapublishing.org/index.htm
8,Academia Research,http://academiaresearch.org/
9,Academia Scholarly Journals (ASJ),http://www.academiascholarlyjournal.org/
10,Academic and Business Research Institute,http://www.aabri.com/
11,Academic and Scientific Publishing,http://acascipub.com/
12,Academic Direct Publishing House,http://ph.academicdirect.org/
13,Academic Journals,http://www.academicjournals.org/
14,Academic Journals and Research ACJAR,http://www.acjar.org/index.html
15,Academic Journals Online (AJO),http://www.academicjournalsonline.co.in/
16,"Academic Journals, Inc.",http://www.academicjournalsinc.com/
17,Academic Knowledge and Research Publishing,http://www.akrpub.com/
18,Academic Organization for Advancement of Strategic and International Studies (Academic OASIS),http://www.academicoasis.org/
19,"Academic Publications, Ltd.",http://www.acadpubl.eu/index.html
20,"Academic Publications, Prime Publications (also here)",https://www.academicpublications.net/
21,"Academic Research in Science, Engineering, Art and Management (ARSEAM)",http://www.arseam.com/
22,Academic Research Journals,http://www.academicresearchjournals.org/index.htm
23,Academic Research Publishers (ARPUB),http://acrpub.com/index.php
24,Academic Research Publishing Agency,http://www.arpapress.com/
25,Academic Research Publishing Group,http://arpgweb.com/index.php
26,Academic Research Publishing House,http://www.acadrp.org/
27,Academic Scholars Publishing House,http://academic-publishing-house.com/
28,Academic Sciences,http://www.ijaponline.org/
29,Academic Solutions (union of Academic Publications Ltd. and Dynamic Publishers),https://acadsol.eu/
30,Academic Star Publishing Company (also here),http://www.academicstar.us/index.asp
31,Academic Web Publishers (AWP),http://academicwebpublishers.org/
32,Academic World Education & Research Center,http://www.awer-center.org/journals.htm
33,AcademicDirect Publishing House,http://ph.academicdirect.org/
34,Academicians’ Research Center (ARC) (ARC Journals),http://www.arcjournals.org/index.php
35,Academics World,http://academicsworld.org/
36,Academy for Environment and Life Sciences,http://aelsindia.com/
37,Academy Journals,http://www.academyjournals.net/
38,Academy of Business & Scientific Research (ABSR),http://www.absronline.org/
39,Academy of IRMBR International Research in Management and Business Realities,http://www.academyirmbr.com/
40,Academy of Knowledge Process,http://akpinsight.webs.com/
41,Academy of Science and Engineering (ASE),http://www.scienceengineeringacademy.org/asesite/
42,Academy of Science and Social Science (ASSS),http://www.asss-web.com/
43,Academy of Scientific and Applied Research (ASAAR),http://asaarjournals.com/
44,Academy Publish,http://www.academypublish.org/
45,Access International Journals,http://www.accessinterjournals.org/
46,Access Journals,http://www.accessjournals.org/
47,Access Publishers,http://www.accesspublishers.org/
48,ACT Publishing,http://www.ghrnet.org/
49,ACTA Press,http://www.actapress.com/
50,Acta Scientific,https://actascientific.com/journals.php
51,Acta Scientifica,http://actascientifica.com/index.php
52,AD Publication,http://www.adpublication.org/
53,AD Publications,http://adpublications.org/
54,Ada Lovelace Publications,http://www.ada-lovelace.co.uk/
55,Advance Educational Institute & Research Centre (AEIRC),http://aeirc-edu.com/
56,Advance Journals,http://advancejournals.org/
57,Advanced Institute of Convergence Information Technology (AICIT),http://www.aicit.org/publications.html
58,Advanced Journals,http://advancedjournals.org/index.htm
59,Advanced Research Journals,http://www.advancedresearchjournals.org/
60,Advanced Research Publications,http://adrpublications.in/
61,Advanced Research Society for Science and Sociology (ARSSS),http://arsss.org/
62,Advanced Scholars Journals,http://advancedscholarsjournals.org/
63,Advanced Science and Engineering Technology Institute (ASET),http://www.asetrc.org/
64,Advanced Science Research Journals,http://advancedscienceresearchjournals.org/
65,Advanced Technology & Science (ATScience),http://atscience.org/
66,Advancement and Development in Technology International (Aditi),http://aditisci.com/index.php
67,Advancements in Science,http://www.ajournals.com/
68,Adyan Academic Press,http://www.adyanacademicpress.com/index.php
69,AENSI (American-Eurasian Network for Scientific Information),http://www.aensiweb.com/index.html
70,AEPress,https://www.elis.sk/
71,African Research Review (AFRREV),http://afrrevjo.net/
72,AgiAl Publishing House,http://www.agialpress.com/
73,Agropub,http://agropub.com/index.html
74,AGU Publications,http://www.agupublication.com/
75,AI Publications,http://aipublications.com/
76,AINSTIN Knowledge Hub,http://ainstin.com/
77,AIRCC Publishing Corporation,http://airccse.org/index.php
78,Aizeon Publishers,http://www.aizeonpublishers.net/aboutus.html
79,AJPO Journals,https://ajpojournals.org/
80,Akademia Baru Publishing (previously Penerbit Akademia Baru),http://www.akademiabaru.com/
81,Akademik Plus Publication,
82,Albert Science International Organization,http://albertscience.com/
83,Allied Academies,http://www.alliedacademies.org/
84,Allied Journals,http://www.alliedjournals.com/
85,Ambit Journals,http://ambitjournals.org/
86,AME Publishing Company (new website here),http://www.amepc.org/
87,American Academic & Scholarly Research Center (AASRC),http://aasrc.org/
88,American Association for Science and Technology (AASCIT),http://www.aascit.org/home/index
89,American Journal,http://www.amjournals.org/
90,American Research Institute for Policy Development,http://aripd.org/
91,American Research Journals,http://www.arjonline.org/
92,American Research Publications,http://www.arepub.com/
93,American Scholarly Research Association,http://www.asraresearch.org/
94,American Scientific Publishers,http://www.aspbs.com/
95,American Scientific Research Journals,http://www.americanscientificresearchjournals.org/
96,American Society of Registered Nurses,http://www.asrn.org/
97,American Society of Science and Engineering,http://www.as-se.org/
98,American V-King Scientific Publishing,http://www.vkingpub.com/
99,"Amoghsiddhi Education Society (AES) (AES Journals in Engineering Technology, Management, and Sciences - AES E-JOURNALS) (also here)",http://aessangli.in/
100,AMS Central,http://www.amscentral.com/
101,Andrew John Publishing Inc.,http://www.andrewjohnpublishing.org/open-access-publications.php
102,Annex Publishers,http://www.annexpublishers.com/
103,ansinet (Asian Network for Scientific Information),http://www.ansinet.com/
104,Ant Journals (Antjournals) (related to Nobel International Journals),http://www.antjournals.org/
105,Antarctic Journals,http://www.domainsmoon.com/
106,Aperito Online Publishing,http://aperito.org/index.php
107,Apex Journal,http://apexjournal.org/
108,Applied Science Innovations,http://www.applied-science-innovations.com/
109,APST Publication,http://www.apst.co.in/
110,Arabian Group of Journals (AGJ),http://www.arabianjbmr.com/index.php
111,Aradhya International Publication,http://puneresearch.com/home
112,ARC Journals,https://www.arcjournals.org/
113,Archers & Elevators Publishing House,http://www.aeph.in/
114,Archyworld,http://www.archyworld.com/
115,ARDA Conference,https://www.ardaconference.com/
116,Arena Of Sciences,http://arenaofsciences.com/
117,ARPN Journals,http://arpnjournals.com/
118,AS Publishers,http://aspublishers.com/
119,Asclepius Open,https://asclepiusopen.com/
120,ASD Publisher,http://asdpub.com/
121,Ashdin Publishing,http://www.ashdin.com/
122,AshEse Visionary,http://www.ashese.co.uk/
123,Asia Pacific Institute of Advanced Research,http://apiar.org.au/
124,Asian Academic Research Associates,http://www.asianacademicresearch.org/index.html
125,Asian and American Research Publishing Group,http://www.aarpub.com/
126,Asian Economic and Social Society (AESS),http://www.aessweb.com/index.php
127,Asian Intellect,http://www.asianintellect.org/
128,Asian Online Journal Publishing Group,http://www.asianonlinejournals.com/
129,Asian Online Journals,http://www.ajouronline.com/
130,Asian Pharma Press,http://www.asianpharmaonline.org/
131,Asian Publication Corporation (Asian Pub. Corp.),http://asianpubs.org/content/
132,Asian Research Consortium,http://www.aijsh.org/?task=index
133,Asian Transactions,http://www.asian-transactions.org/
134,Asia-Pacific Association of Medical Research,http://www.apamr.org/
135,Associated Asia Research Foundation (AARF),http://www.aarf.asia/
136,"Association for Sustainable Education, Research and Science (ASERS Publishing) (new website here)",http://www.asers.eu/asers-publishing/journals.html
137,Association of Computer Electronics and Electrical Engineers (ACEEE),http://www.theaceee.org/
138,Association of North America Higher Education International (ANAHEI),http://anahei.org/
139,Aster Publications,http://asterpublications.org/
140,AstonJournals,http://astonjournals.com/
141,Athal Press & Media,http://www.athalgroup.com/Athal-Press-and-Media.aspx
142,Atharva Scientific Publications,http://www.atharvapub.com/HomePage/
143,Athens Institute for Education and Research (ATINER),http://www.atiner.gr/
144,"Atlas Publishing, LP",http://www.atlas-publishing.org/index.php
145,"Auctores Publishing, LLC",https://www.auctoresonline.org/
146,Aufau Periodicals (AP),http://www.chesci.com/
147,Austin Publishing Group,http://austinpublishinggroup.org/
148,Australasian Centre for Research and Development (ACRD),http://www.acrd.net.au/
149,Australian Academy of Business and Social Sciences,http://www.aabss.org.au/
150,Australian Academy of Business Leadership,http://aabl.com.au/
151,Australian International Academic Centre Pty. Ltd.,http://www.aiac.org.au/
152,Australian International Research Consortium (Australian International Journals),http://www.ausinternationaljournals.com.au/
153,Australian Society for Commerce Industry & Engineering (SCIE),http://www.scie.org.au/
154,Austrian E-Journals of Universal Scientific Organization,http://www.aeuso.org/
155,Austrian Scientific Publication House,http://www.autpub.org/MWP/
156,Avanti Publishers.com,http://www.avantipublishers.com/
157,Avens Publishing Group,http://www.avensonline.org/
158,Avestia Publishing,http://avestia.com/
159,Avicena Publisher,http://www.avicenapublisher.org/
160,Avid Science,http://avidscience.com/
161,Axis Journals,http://www.axisjournals.com/
162,Baishideng Publishing Group,http://www.wjgnet.com/
163,Basha Research Corporation (BRCORP),http://basharesearch.com/journals.htm
164,Basic Research Journals,http://basicresearchjournals.org/index.html
165,Bell Press,http://bellpress.org/
166,Bentham Open,http://benthamopen.com/
167,Best Journals,http://www.bestjournals.in/index.php
168,Better Advances Press,http://www.bapress.ca/index.html
169,Betty Jones & Sisters Publishing,http://bettyjonespub.com/
170,Bilingual Publishing Co,http://www.bilpublishing.com/
171,Binary Information Press,http://www.1010press.com/
172,Bio Accent (Bioaccent),http://bioaccent.org/
173,Bio Core (Biocore),http://biocoreopen.org/index.php
174,Bio-Byword Publishing PTY LTD​,http://www.bbwpublisher.com/
175,Bioflux Society,http://www.bioflux.com.ro/
176,Biogeneric Publishers,https://biogenericpublishers.com/
177,Biohelikon,http://www.biohelikon.org/
178,Biohouse Publishing Group,http://biohouse.us/
179,BioInfo Publications,http://www.bioinfopublication.org/
180,BioIT international Journals (Bi International Journals),http://bipublication.com/index.html
181,Biological and Chemical Publishing,http://www.bacpl.org/
182,BioMed Press,http://www.biomedpress.org/
183,BioMed Research,http://bmrjournals.com/Home/Index
184,"BiomedGrid, LLC",https://biomedgrid.com/
185,"Biomedical Research Network+, LLC",http://biomedres.co/
186,BioMedSciDirect Publications,http://www.biomedscidirect.com/aboutjournal.php
187,BioPublisher,http://biopublisher.ca/
188,Bioscience Research & Educational Institute,http://www.bret.ac.in/
189,Birlesik Dunya Yenilik Arastirma ve Yayincilik Merkezi,https://www.un-pub.eu/ojs/
190,Blaze Journals,http://blazejournals.org/index.php
191,Blue Apple Publications,http://www.blue-ap.org/
192,Blue Eyes Intelligence Engineering & Sciences Publication,http://blueeyesintelligence.org/
193,Blue Ocean Research Journals,http://www.borjournals.com/
194,BluePen Journals,http://www.bluepenjournals.org/
195,Boffin Access,https://www.boffinaccess.com/
196,Bonfring,http://www.bonfring.org/
197,"Book Publisher International (BookPI) (linked to ScienceDomain International, another predatory publisher)",https://www.bookpi.org/
198,Bosal Journals,http://bosaljournals.com/
199,Bowen Publishing,http://www.bowenpublishing.com/
200,Boya Century Publishing,http://www.journals.cfp.edu.pl/
201,Brainy Buzz,http://brainybuzz.in/
202,Brazilian Journals Publicações,https://www.brazilianjournals.com.br/
203,Bret Research Journals,http://www.bretj.com/
204,British Association of Academic Research (BAAR),http://www.bjmhs.baar.org.uk/
205,"British Bio Medicine Institute (British BioMedicine Publishers, BBM Publishers)",https://www.britishbiomedicine.com/
206,British Journal,http://www.bjournal.co.uk/
207,British Open Research Publications,http://www.borpub.com/index.php
208,BRNSS Publication Hub,http://brnsspublicationhub.org/
209,Business Journalz (BJ),http://www.businessjournalz.org/
210,Business Perspectives,http://businessperspectives.org/
211,BUSSECON International Publishing (BSCint),https://bussecon.com/
212,Cafet Innova Technical Society (CITS),http://cafetinnova.org/
213,Cairo Center for Development Benchmarking,http://cdbenchmark.com/publishing
214,Cambridge Scholars Publishing (CSP),http://www.cambridgescholars.com/
215,Canadian Academy of Oriental and Occidental Culture (see CSCanada),http://cscanada.net/
216,Canadian Center of Science and Education,http://ccsenet.org/
217,Canadian Research & Development Center of Sciences and Cultures (see CSCanada),http://cscanada.net/
218,Canadian Research Publication,http://www.crpub.com/index.php
219,Canadian Science and Research Group (CANSRG),http://www.cansrg.com/
220,Canadian Science and Technology Press Inc.,http://canadianstpress.com/ojs/index.php
221,Cardiology Academic Press,http://cardiologyacademicpress.com/
222,CARI Journals,http://www.carijournals.org/
223,Cenetri Publishing Group,https://www.cenetrionline.org/
224,Center for Academic Research (CAR) (linked to RIPK),https://www.ijssb.com/index.php/car
225,Center for Contemporary Research (CCR) (linked to RIPK),http://www.ijbmcnet.com/index.php/ccr
226,Center for Enhancing Knowledge (CEK UK),http://www.cekinfo.org.uk/
227,Center for Global Research Development (CGRD),http://www.cgrd.org/
228,Center for Natural Science & Engineering Research (CNSER/CenNSER),http://cennser.org/
229,Center for Promoting Education and Research (CPER),http://cpernet.org/
230,Center for Promoting Ideas,http://www.cpinet.info/
231,Center for the Development and Dissemination of Knowledge,http://www.cddk.org/index.html
232,Center of Advanced Scientific Research and Publications (CASRP),http://casrp.co.uk/
233,Central Bohemia University Publishing,http://journals.cz/
234,Central Research Insight,http://cri.ideainfinity.pk/?p=1
235,Centre For Info Bio Technology (CIBTech),http://www.cibtech.org/index.htm
236,"Centre for Multidisciplinary Research, Innovation and Collaboration (C-MRiC.ORG)",http://www.c-mric.org/
237,Centre for Promoting Knowledge (CPK UK),http://www.ijsrit.com/page.php?cat=25
238,Centre for Research on Islamic Banking & Finance and Business (CRIBFB),https://www.cribfb.com/
239,Centre of Excellence for Scientific & Research Journalism (COES&RJ),http://www.centreofexcellence.net/
240,Centre of Promoting Research Excellence (CPRE),http://cprenet.com/home/
241,CESER Publications (another website here),http://www.ceser.in/
242,Chembio Publishers (new website here),http://chembioepub.com/
243,Chitkara University Publications,http://www.chitkara.edu.in/publications/journals/
244,Cientific Group,https://www.cientificgroup.com/journals.php
245,CIRWORLD (also here),https://cirworld.com/
246,Clerisy Publishers,http://clerisyonlinepublishers.org/
247,ClinMed International Library,http://clinmedjournals.org/
248,Cloud Journals,http://cloud-journals.com/
249,Cloud Journals (also Cloud Publications),http://www.cloud-journals.com/
250,Cloud Publications,http://www.cloudpublications.org/
251,Clyto Access,http://www.clytoaccess.com/
252,CME Publishing Group (inactive),http://www.cmepub.com/index
253,Coalesce Research Group,http://coalesceresearchgroup.com/
254,Coltharp Institute,http://www.coltharpinstitute.com/
255,Columbia International Publishing,http://www.uscip.org/
256,Companhia Brasileira de Produção Científica (CBPC) or Sustenere Publishing,https://sustenere.inf.br/
257,Comparative Journals,http://comparativejournals.org/index.php/index
258,Comprehensive Research Journals,https://comprehensiveresearchjournals.org/
259,Computer Science Journals,http://www.cscjournals.org/
260,CONFAB Journals,http://www.confabjournals.com/
261,Congress Press,http://www.congresspress.com/Journals/index.php/index/index
262,Consortia Academia,http://consortiacademia.org/
263,"CONSORTIUM Intellectual Consortium of Drug Discovery and Technology Development, Inc. (ICDTD Inc.)",http://www.icdtdi.ca/home.html
264,Contemporary Research Center (CRC Publications),http://www.ijern.com/index.php
265,Convergence Information Society,http://www.globalcis.org/eng/
266,Copernicus Publishing,http://copernicuspublishing.com/
267,Corpus Publishers,https://www.corpuspublishers.com/
268,Cosmic Journals,http://cosmicjournals.com/
269,Cosmos Scholars Publishing House,http://www.cosmosscholars.com/
270,Council for Innovative Research,http://www.cirworld.net/
271,CRDEEP International Journals,http://www.crdeep.com/
272,Cresco Online Publishing (also here),http://crescopublications.org/
273,CREST Journals,http://www.crestjournals.com/
274,Crimson Publishers​,http://crimsonpublishers.com/
275,Crown Journals,http://www.crownjournals.org/
276,CSCanada,http://cscanada.net/
277,CSK Scientific Press,https://cskscientificpress.com/
278,CTR Publications,http://tcrjournals.com/index.php
279,Current Research Web,http://www.curresweb.com/
280,Cyber Journals,http://www.cyberjournals.com/
281,DAMA International,http://www.sciencejournal.in/home/
282,Darsgah-e-Ahlebait,http://darsgah-e-ahlebait.com/journals.php
283,Darshan Publishers,http://darshanpublishers.com/index.html
284,David Publishing (also here),http://www.davidpublishing.com/
285,Dean & Francis (D&F),https://www.deanfrancispress.com/
286,Deccan Pharma Journals,http://www.deccanpharmajournals.com/
287,DeNovo Scientific Publishing,http://www.denovojournal.com/
288,Dentamed Publishing,http://www.dentamedpublishing.com/
289,Design for Scientific Renaissance,http://www.sign-ific-ance.co.uk/index.html
290,"DEStech Publications, Inc.",http://www.destechpub.com/
291,Developing Country Think Tank Institute,http://dcthink.org/
292,Dhan Med Publishers,http://www.dhanmedpublishers.com/
293,Didactic Journals,http://didacticjournals.org/
294,Digital Information Research Foundation (DIRF),http://www.dirf.org/
295,Digital Science Press,http://dscipress.com/
296,Direct Research Journals,http://directresearchpublisher.org/
297,DISA Publication Group (DP Group),http://www.disa.org.in/DPGroup/index.html
298,Discourse Journals,http://www.resjournals.org/
299,Discovery Publication,http://discoveryjournals.com/
300,DJ Publications,http://www.djjames.org/
301,Donnish Journals,http://donnishjournals.org/
302,Dorma Journals,http://www.dormaj.com/
303,Dr.BGR Publications,http://www.drbgrpublications.in/
304,DRUNPP Sarajevo (Society for Development of Teaching and Business Processes in New Net Environment in B&H),http://www.drunpp.ba/
305,Dynamic Publishers,http://www.dynamicpublishers.org/journals/index.php/index
306,e3Journals,http://www.e3journals.org/index.php
307,Eagle Publishing Group,http://eaglegp.org/
308,Earth Journals,http://www.earthjournals.org/
309,East African Scholars Publisher (EAS Publisher),http://www.easpublisher.com/
310,East West Association For Advanced Studies and Higher Education,http://ew-a.org/
311,Ebioscholar,http://ebioscholar.com/ojs/index.php/index/index
312,Ebu Press,http://www.ebupress.com/
313,eCanadian Journals,http://www.ecanadianjournals.com/ecanadian/
314,e-Century Publishing Corporation,http://www.e-century.org/
315,Econjournals,http://www.econjournals.com/index.php/index
316,E-Cronicon,https://www.ecronicon.com/
317,Edelweiss Publications,http://edelweisspublications.com/edelweiss/frontend/index.php
318,EDUGAIT Press,http://www.edugait.com/
319,Edupedia Publications (see also International Scholarly Open Access Research),http://edupediapublications.org/
320,Eighth Sense Research Group,http://www.internationaljournalesrg.org/
321,Einstein International Journal Organization (EIJO),http://www.eijo.in/
322,E-International Journals of Academic & Scientific Research (EIJASR),http://eijasr.com/index.php
323,E-International Scientific Research Journal Consortium (E-ISRJC),http://www.eisrjc.com/
324,EISRJC Journals (E-International Scientific Research Journal Consortium),http://www.eisrjc.com/
325,"eJM (eJM Science, eJManager)",http://www.ejmscience.com/journals/
326,e-journal (see also here),http://worldresearchjournals.com/
327,eJournals of Academic Research & Reviews,http://www.ejarr.com/
328,Eko Journal,http://www.ekojournal.com/
329,eLearning Institute,http://www.theelearninginstitute.org/
330,Electronic Center for International Scientific Information,http://ecisi.com/
331,Elewa Bio Sciences,http://www.m.elewa.org/index.php
332,Elite Hall Publishing House,http://elitehall.elitehall.com/
333,Elite Research Journals,http://www.eliteresearchjournals.org/
334,ELK Asia Pacific Journals,http://www.elkjournals.com/
335,ElmCore Journals,http://www.science-fellows.org/
336,Elmer Press,http://www.elmerpress.com/
337,ELVEDIT.COM,http://elvedit.com/
338,Elyns Publishing Group,http://www.elynsgroup.com/Default.aspx
339,Emeraldtree Publishing,http://emtpub.com/
340,Emerging Academy Resources (EAR),http://www.emergingresource.org/index.html
341,EMRES Publishers,https://emrespublisher.com/
342,ENCYCLOPAEDIC PUBLISHING PTE.LTD (associated with PiscoMed Publishing and Frontier Scientific Publishing),http://en.encyclopub.com/
343,Engineering and Technology Publishing,http://etpub.com/
344,Engineering Information Institute (ENGII),http://www.engii.org/
345,Engineering Journals (Engg Journals Publications),http://www.enggjournals.com/
346,Engineering Publication House,http://ephjournal.com/
347,Engineering Research Publication,https://www.erpublication.org/
348,Enhanced Research Publications (ER Publications),http://www.erpublications.com/
349,Enliven Archive,http://www.enlivenarchive.org/
350,EnPress Publisher,http://enpress-publisher.com/
351,Enriched Science Publication,http://www.printjournals.com/
352,Enviro Publishers / Enviro Research Publishers,http://www.enviropublishers.com/
353,EPH Journal (Engineers Publication House),http://ephjournal.com/
354,EPIX PUB (EPIXPUB),http://epixpub.com/
355,EPRA Journals,http://eprajournals.com/
356,EPRA Wisdom,http://eprawisdom.com/
357,ERM Publications (Educational Research Multimedia & Publications),http://www.researchersworld.com/ermp.html
358,Erudite Journals Limited,http://eruditejournals.org/ejb/index.htm
359,ESci Journals Publishing,http://www.escijournals.net/
360,e-Science Central,http://esciencecentral.org/
361,eScience Publisher (eSciPub),http://escipub.com/
362,eScientific Research (eSciRes),http://escires.com/
363,ESRSA Publication (Engineering and Science Research Support Academy),http://www.esrsa.org/
364,ETA Maths Journals,http://etamaths.com/
365,Ethan Publishing Company,http://www.ethanpublishing.com/
366,Eurasian Academy of Sciences (Avrasya Bilimler Akademisi),http://eurasianacademy.org/
367,Eurasian Publications,http://www.eurasianpublications.com/
368,Eurasian Research Publishing,http://www.erepub.com/
369,Eurasian Union of Scientists (Eurasian Scientific Union ESU),http://euroasia-science.ru/en/about/
370,Euro Asia Research and Development Association,http://www.euroasiapub.org/
371,EuroJournals,http://eurojournals.com/
372,European Center for Science Education and Research (EUSER),http://euser.org/
373,European Journals of Business Management (EJoBM),http://www.ejobm.org/
374,European Journals of Education Studies,http://oapub.org/edu/index.php/index
375,European Open Access Publishing (EUROPA),https://www.europapublishing.org/
376,European Union Research Publishing,http://www.eurpub.com/
377,European-American Journals (and here) (EAJournals),http://ea-journals.org/index.php
378,Everant,http://everant.in/
379,EverScience Publications,http://www.everscience.org/index.html
380,"ExcelingTech Publishing Company, Ltd.",http://ojs.excelingtech.co.uk/
381,Excellent Publishers,http://www.excellentpublishers.com/
382,Excellent Word Journals,http://www.excellentwordjournals.org/index.html
383,Excelytics Publishers,http://excelyticspublishers.com/
384,Expert Journals,http://www.expertjournals.com/
385,Far East Research Centre,http://www.fareastjournals.com/
386,Ficus Publishers,http://ficuspublishers.com/Home.php
387,Finlogy,http://onlinejournal.in/
388,"FM Publishers (FM Journals, Frontiers Meetings)",https://fmpublishers.org/
389,"Focus in Research & Education (FIRE, Firepubs)",http://firepubs.com/index.php
390,ForteOpen Journals,https://forteopen.com/
391,Fortune Journals,http://www.fortunejournals.com/
392,Foundation for Promotion of Basic & Applied Science (FOPRAS),http://www.fopras.org/
393,Friends Science Publishers (FSP),http://www.fspublishers.org/index.php
394,Frontier Scientific Publishing (associated with PiscoMed Publishing and ENCYCLOPAEDIC PUBLISHING),http://front-sci.com/
395,Frontiers in Bioscience (FBS),https://www.bioscience.org/
396,Frontiers,http://www.frontiersin.org/
397,FSSH Scholarly Journals,http://fssh-journal.org/
398,Fundamental Journals,http://fundamentaljournals.org/
399,Fundamental Research and Development International (FRDI),http://frdint.com/index.html
400,Future Academy,http://www.futureacademy.org.uk/
401,Galore Knowledge Publication Pvt. Ltd.,http://www.gkpublication.in/
402,Gatha Cognition,http://www.gathacognition.com/
403,Gavin Publishers,http://gavinpublishers.org/
404,GBS Publishers & Distributors (India),http://www.gbspublisher.com/
405,Geist Science,https://geistscience.com/
406,Genexcellence Publication (G Publications),http://gpublication.com/
407,German Science and Technology Press,http://grsci-techpress.org/
408,Gexin Publications,http://gexinonline.com/
409,GIAP Journals,https://giapjournals.com/
410,GJ Publications (G J Publications),http://www.gjpublications.com/
411,GJR Publication,https://gjrpublication.com/
412,Global Academic Institute,http://www.globalacademicinstitute.com/
413,Global Advanced Research Journals,http://garj.org/
414,Global Business Research Journals,http://www.globalbizresearch.org/index.php
415,Global Institute for Research and Education,http://www.gifre.org/
416,Global International Scientific Analytical Project (GISAP) (see International Academy of Science and Higher Education),http://iashe.eu/en/periodicals-journals-academy
417,"Global Journals, Inc. (US) (new websites: https://globaljournals.org/ and https://journalofscience.org/)",http://globaljournals.us/
418,Global Open Journals,http://globalopenjournals.org/
419,Global Openaccess,http://globalopenaccess.com/
420,Global Press Hub (GPH),https://globalpresshub.com/
421,Global Publishing Corporation,http://gpcpublishing.com/
422,Global Research Journals,http://www.globalresearchjournals.org/
423,Global Research Online,http://www.globalresearchonline.net/
424,Global Research Publishing (GRP),http://www.grpjournal.org/
425,Global Researchers Journals,http://www.grjournals.com/
426,Global Scholars Journals,http://www.globalscholarsjournals.org/
427,Global Science Center LP,http://european-science.org/en/
428,Global Science Publishing Group,http://globalsciencepg.org/
429,Global Science Research Journals,http://globalscienceresearchjournals.org/
430,Global Scientific Journals,http://www.globalscientificjournal.com/
431,Global Scientific Research Journals (GSR),http://www.gsrjournals.com/
432,"Global Scientific, Inc.",http://globalpublication.org/index.html
433,Global Society of Scientific Research and Researchers (GSSRR),http://gssrr.org/index.php?journal=gssrr&page=index
434,Global Technocrats & Intellectual’s Association (GTIA),http://www.gtia.co.in/
435,Global Vision Press,https://gvpress.com/journals/
436,GlobalSkope Publishing Society,http://globalskope.com/ijesr/index.html
437,Globeedu Group,http://www.globeedugroup.com/
438,Gnosis Open Access Publishers (re-branded as Gratis Open Access Publishers),http://www.gnosisoa.org/
439,Gopalax,http://www.ijcns.com/
440,GPH Journal (Global Publication House International Journals) (connected to EPH Journal),http://www.gphjournal.org/
441,GRABS Educational Charitable Trust,http://grabstrust.com/
442,Graphy Publications,http://www.graphyonline.com/index.php
443,Gratis Open Access Publishers,http://www.gratisoa.org/
444,GRDS Publishing,http://grdspublishing.org/
445,Green Earth Research Network,http://www.gejournal.net/index.html
446,Green Global Foundation (GGF),http://www.ggfagro.com/
447,Green Publication,https://gnpublication.org/
448,Greener Journals,http://www.gjournals.org/
449,Greenfield Advanced Research Publishing House,http://www.garph.co.uk/index.html
450,Growing Science Publishing Company,http://growingscience.com/index.html
451,GS Publishers,http://www.gspublishers.com/
452,GSB Life Sciences,http://gsblifesciences.org/index.php
453,Gupta Publications,http://www.guptapublications.com/
454,Gurpukur Research Institute (GPRI) (g-Science),http://gscience.gurpukur.com/
455,Gyancity Research Lab Private Limited,http://gyancity.com/
456,Halmac Research,http://www.halmacresearch.org/
457,"Hans Publishers, Inc. (HansPub)",http://www.hanspub.org/
458,Har Krishan Bhalla & Sons (HKB Publications),http://hkbpublications.com/
459,Healthcare Bulletin,http://www.healthcare-bulletin.com/
460,Heighten Science Publications (HSP),http://www.heighpubs.com/
461,Helics Scientific Network (Helics Group),http://helicsonline.net/
462,Hendun Research Access,http://www.hendun.org/
463,Henry Publishing Group,http://www.henrypublishinggroup.com/
464,Herald International Research Journals,http://heraldjournals.org/index.htm
465,Herald Scholarly Open Access,http://www.heraldopenaccess.us/
466,Herbert Open Access Journals (Herbert Publications),http://www.hoajonline.com/
467,Hikari Ltd.,http://www.m-hikari.com/
468,Hilaris,http://www.e-hilaris.com/index.html
469,Hilaris Publisher (Hilaris SRL) (connected to OMICS),https://www.hilarispublisher.com/
470,Hind Agri-Horticultural Society (HAHS; HIND Institutes; Research Journals),http://www.researchjournal.co.in/index.html
471,Hindawi,https://www.hindawi.com/
472,Horizon Journals,http://www.horizonjournals.org/
473,Horizon Publisher India,https://www.horizonpublisherindia.in/
474,Horizon Research Publishing,http://www.hrpub.org/
475,Human and Sciences Publications (HumanPub),http://www.humanpub.org/
476,Human Resource Management Academic Research Society (HRMARS),http://hrmars.com/index.php?page=our%20journals%20f
477,IAMURE Multidisciplinary Research,http://www.iamure.com/
478,ibai-publishing,http://ibai-publishing.org/
479,IBIMA Publishing,http://www.ibimapublishing.com/
480,ICGST,http://www.icgst.com/
481,iConcept Press Ltd.,https://www.iconceptpress.com/
482,ICTACT Journal,http://www.ictactjournals.in/index.aspx
483,Id Press / ID Design,http://www.id-press.eu/
484,IERI & PRESS,http://www.ieripress.com/
485,i-Explore International Research Journals Consortium (IIRJC),http://www.irjcjournals.org/
486,IGI Global,https://www.igi-global.com/
487,IGM Publication,http://igmpublication.org/index.html
488,IIARD Publication Company (International Institute of Academic Research and Development - IIARD),http://www.iiardonline.org/
489,iJARS Group,http://www.ijarsgroup.com/
490,Ijbsse.org,http://ijbsse.org/
491,ijManager – Online Journal Management,http://www.ijmanager.org/
492,IJRCM,http://ijrcm.org.in/
493,i-manager Publications,http://www.imanagerpublications.com/
494,IMED Research Publications,http://www.ijmhr.org/index.html
495,iMed.pub,http://imed.pub/
496,iMedPharm,http://www.imedpharm.com/
497,"Impact Journals (New York State, USA)",http://www.impactjournals.com/
498,"Impact Journals (Tamil Nadu, India)",http://www.impactjournals.us/index.php
499,Imperial Journals,http://www.imperialjournals.com/
500,Imprints Open Access,http://imprintsonline.org/index.php
501,Incessant Nature Science Publishers (INSPublishers),http://www.inspublishers.com/
502,Inderscience Publishers (also here),https://www.inderscience.com/
503,Indian Academicians and Researchers Association (IARA),http://iaraedu.com/
504,Indian Society for Education and Environment (ISEE),http://www.iseeadyar.org/
505,IndianResearchJournals.Com,http://indianresearchjournals.com/Default.aspx
506,"Indus Foundation for Education, Research & Social Welfare",http://www.indusedu.org/
507,Infinity Press,http://infinitypress.info/publisher/
508,infofacility,http://www.infofacility.com/journals
509,Infogain Publication,http://infogainpublication.com/
510,Infonomics Society,http://infonomics-society.org/
511,Inforesights Publishing,http://inforesights.com/
512,Informatics Journals,http://www.informaticsjournals.com/
513,Information Engineering Research Institute (IERI),http://www.ier-institute.org/index.htm
514,Informing Science Institute (ISI),https://www.informingscience.org/
515,Ingenious Enterprises International (INGENIN),http://ingenin.org/
516,Innovare Academic Sciences,http://innovareacademics.in/
517,Innovation Info (Innovationinfo),https://innovationinfo.org/
518,Innovational Publishers,http://www.innovationalpublishers.com/
519,Innovative Journals,http://www.innovativejournal.in/
520,Innovative Publication,http://www.innovativepublication.com/
521,Innovative Space of Scientific Research (ISSR Journals),http://www.issr-journals.org/
522,Innovinc,http://innovinc.org/
523,"Innovision Health Media, Inc.",http://innovisionhm.com/
524,INPRESSCO (International Press Corporation),http://inpressco.com/
525,INREWI,http://www.inrewi.com/home
526,Insight Core,http://www.insightcore.com/
527,Insight Knowledge (also here),http://insightknowledge.co.uk/index.php
528,Insight Medical Publishing (IMedPub),http://imedpub.com/
529,Instaci,http://www.instascijournals.info/index.php
530,"Institute for Environment, Engineering, Economics (inactive)",http://ieee.am/
531,Institute for Promoting Research & Policy Development (IPRPD),https://iprpd.org/
532,Institute for Research and Development India (IRD),http://www.irdindia.in/
533,Institute of Advanced Scientific Research,http://www.i-asr.com/journals.aspx
534,Institute of Doctors Engineers and Scientists (IDES),http://www.theides.org/
535,Institute of Electronic & Information Technology,http://www.ieit-web.org/apscj/editorialboard.html
536,Institute of Integrative Omics and Applied Biotechnology,http://iioab.webs.com/researchandpublications.htm
537,Institute of Language and Communication Studies,http://www.inlcs.org/
538,Institute of Mathematics and Management (IMM),https://imathm.edu.lk/publications
539,Institute of Research Advances (IRA),http://www.research-advances.org/
540,Institute of Research and Journals (IRAJ),http://iraj.in/index.php
541,Institute of Research Engineers and Doctors (theIRED),http://www.theired.org/
542,Institute of Research Engineers and Scientists,http://theires.org/
543,Institute of Research In Engineering and Technology (IRET),http://www.iret.co.in/index.html
544,Institute of Strategic and International Studies,http://www.isisworld.org/
545,InTechOpen (also here),http://www.intechweb.org/
546,Integrated Academic Journals,http://www.intergratedjournals.org/
547,Integrated Intelligent Research (IIR),http://iirpublications.com/index.php
548,Integrated Publishing Association,http://www.ipublishing.co.in/
549,Integrated Science Publications,http://indianscience.in/pubs/journals/
550,Intellectual Archive,http://www.intellectualarchive.com/
551,Intercontinental Management Research Review (ICMRR),http://icmrr.org/index.html
552,Interlink Continental Journals,http://icjpublishers.org/index.php
553,Intermedcentral,http://www.intermedcentral.hk/
554,International Academic Journals,http://www.inacj.com/
555,International Academic Publishing House,http://www.iaph.in/
556,International Academy for Advancement of Business Research (IAABR),http://www.iaabr.com/
557,International Academy for Science & Technology Education and Research (IASTER),http://www.iaster.com/index.php
558,"International Academy of Arts, Science & Technology (IAAST)",http://iaast.org/
559,International Academy of Business,http://www.intl-academy.org/index.htm
560,International Academy of Business & Economics (IABE),http://www.iabe.org/
561,International Academy of Computer & IT Engineering (IACITE),http://iacite.org/
562,International Academy of Ecology and Environmental Sciences (IAEES),http://www.iaees.org/
563,International Academy of Science and Higher Education (IASH),http://iashe.eu/en/periodicals-journals-academy
564,"International Academy of Science, Engineering and Technology (IASET)",http://www.iaset.us/index.php
565,"International Academy of Science, Engineering and Technology (International ASET)",http://international-aset.com/index.html
566,"International Academy of Science, Technology, Engineering and Management",http://iastem.org/
567,International Academy Publishing (IAP),http://www.iap.org/
568,International Advances for Research,http://www.intlafr.com/index.html
569,"International Agency for Development of Culture, Education and Science",http://iadces.com/
570,International Association for Academians,http://www.academians.org/
571,International Association for Engineering & Technology,http://www.iaet.net/
572,International Association for Engineering and Management Education (IAEME),http://www.iaeme.com/about.asp
573,International Association for Research and Science (IARAS),https://www.iaras.org/
574,International Association of Advances in Engineering and Technology (IAAET),http://iaaet.org/
575,International Association of Computer Science and Information Technology (IACSIT Press),http://www.iacsit.org/
576,International Association of Engineering & Technology Researchers (IAETR),http://iaetr.org/
577,International Association of Engineers (IAENG),http://www.iaeng.org/
578,International Association of Journals & Conferences (IAJC),http://www.iajc.org/overview.html
579,International Association of Science and Technology for Development (IASTED),http://www.iasted.org/
580,International Association of Scientific Innovation and Research (IASIR),http://iasir.net/index.html
581,International Association of Technology Education & Industry,http://iatei.org/
582,International Bauhaus Science Press,http://www.bhssci.com/
583,International Business Academics Consortium (IBAC),http://ibac-conference.org/ibac/index.html
584,International Center for Business Research,http://icbr.net/
585,International Center for Promoting Knowledge (USA) (ICPK),https://icpknet.org/
586,International Centre for Integrated Development Research (ICIDR),http://www.icidr.org/index.php
587,International Centre of Culture Inventory,http://www.icoci.org/
588,International Computer Science and Engineering Society (ICSES),http://www.i-cses.com/
589,International Conference on Computer Science and Engineering,http://www.icgst.com/
590,International Digital Organization for Scientific Information (IDOSI),http://idosi.org/index.htm
591,International Economics Development and Research Center (IEDRC),http://www.iedrc.org/
592,International Education Research Foundation (IERF),http://www.ierfinfo.com/
593,International Educative Research Foundation And Publisher,http://www.publisher.ijier.net/
594,International eJournals,http://internationalejournals.com/
595,International Formulae Group (IFG),http://www.ifgdg.org/
596,International Forum of Researchers Students and Academician (IFRSA),http://www.ifrsa.org/
597,International Foundation for Modern Education and Scientific Research (INFOMESR),http://infomesr.org/en/home
598,International Foundation for Research and Development,http://www.ifrnd.org/
599,International House for Academic Scientific Research,http://www.ihasr.org/
600,International Indexed Refereed Research Journal,http://www.ssmrae.com/
601,International Information Institute,http://www.information-iii.org/
602,"International Institute for Private, Commercial and Competition Law",http://iipccl.org/
603,"International Institute for Science, Technology and Education (IISTE) (International Knowledge Sharing Platform)",http://www.iiste.org/Journals/
604,"International Institute of Education, Research and Development (IIERD)",https://www.iierd.org/
605,International Institute of Engineers & Researchers (also here),http://theiier.org/Conference/Singapore/1/ICSTEM/publication.php
606,International Institute of Engineers (IIE),http://www.iieng.org/journals.php
607,International Institute of Informatics and Systemics,http://www.iiis.org/
608,International Institute of Science & Industry Research (IISIR),http://www.iisir.org/
609,International Institute of Social and Economic Sciences (IISES),https://www.iises.net/
610,International Invention Journals,http://internationalinventjournals.org/index.html
611,International Journal of Academic Research (Publisher),http://www.eu-print.org/ilk.php
612,International Journal of College & University (IJCU),http://ijcu.us/
613,International Journal of Modern Research and Development (IJMRND),http://www.ijmrnd.com/
614,International Journal of Research & Development Organisation (IJRDO),http://www.ijrdo.org/
615,International Journal Publishers Group,http://www.ijpg.org/
616,International Journals for Research (IJR Group),http://ijrgroup.com/
617,International Journals for Research (IJR),http://internationaljournalsforresearch.com/index.php
618,International Journals for Researchers,http://www.ijronline.com/
619,International Journals of Engineering & Sciences,http://www.ijens.org/
620,International Journals of Multi Dimensional Research,http://www.ijmr.net.in/
621,International Journals of Multidisciplinary Research Academy,http://www.ijmra.us/
622,International Journals of N&N Global Technology (IJNNGT),http://www.ijnngt.org/index.php
623,International Journals of Research Papers (IJRP),http://gssrr.org/
624,International Journals of Research (INTJR),http://intjr.com/index.php
625,International Journals of Sciences and High Technologies (IJSHT),http://ijsht-journals.org/
626,International Journals of Scientific Knowledge (IJSK),http://www.ijsk.org/
627,International Journals of Scientific Research Publications (IJSRPUB),http://www.ijsrpub.com/
628,International Journals of Scientific Research (IJSR),http://ijscience.com/default.htm
629,International Journals (Yadav Scientific Journals Publishers),https://ijddmr.wordpress.com/
630,International Journals.co.in,http://www.internationaljournals.co.in/titles.aspx
631,International Knowledge Press (also here),http://www.ikpresse.com/
632,"International Knowledge Sharing Platform (see International Institute for Science, Technology and Education - IISTE)",https://www.iiste.org/journals/
633,International Network for Applied Sciences and Technology,http://www.inast.org/
634,International Network for Natural Sciences (INNSPUB),http://www.innspub.net/
635,International Network for Scientific & Industrial Information,http://insii.com/index.php
636,International Online Knowledge Services Provider (IOKSP),http://www.ioksp.com/index.html
637,International Online Medical Council (IOMC),http://www.iomcworld.com/publications.htm
638,International Organization Center of Academic Research (OCERINT),http://www.ocerint.org/index.php/homepage
639,International Organization of Scientific Invention (IOSI),http://iosi.in/
640,International Organization of Scientific Research and Development (IOSRDD),http://iosrd.org/
641,International Organization of Scientific Research (IOSR Journals),http://iosrjournals.org/index.html
642,International Peer Reviewed Journals and Books (IPRJB),https://www.iprjb.org/
643,International Postgraduate Network (IPN Network),http://www.internationalpostgraduatenetwork.org/
644,International Publisher & C.O (IPCO),http://ipco-co.com/
645,International Publisher for Advanced Scientific Journals (IPASJ),http://ipasj.org/index.htm
646,International Publisher LLC,http://publisher-europe.com/?l=us
647,"International Recognition Multidisciplinary Research Journals, Monthly Publish",http://lsrj.in/
648,International Recognition Research Journals,http://www.lsrj.in/
649,"International Research Association of Computer Science, & Technology (IRACST)",http://www.iracst.org/home.htm
650,International Research E-Journals,http://www.oiirj.org/
651,International Research Group,http://www.irgjournals.org/
652,"International Research Journals (Accra, Ghana)",http://resjournals.com/
653,"International Research Journals (Lagos, Nigeria)",http://www.interesjournals.org/
654,International Research Organization of Computer Science (IROCS),http://www.irocsjournals.org/irocs/home.php
655,International Research Publication House (IRPH),http://www.irphouse.com/
656,International Research Society For Promotion of Science (INPOSO),http://www.inposo.org/
657,International Scholarly Open Access Research (ISOAR) (also here) (see also Edupedia Publications),http://internationaljournalofresearch.org/
658,International Scholars Journals,http://internationalscholarsjournals.org/
659,International Science & Research Journals (ISRJ) (isrjournals),http://www.isrjournals.org/
660,International Science and Medical Journals (isaMed),http://www.isamedjournals.com/
661,International Science Community Association,http://www.isca.in/
662,International Scientific Academic Corporation,http://isacorporation.org.in/
663,International Scientific Academy of Engineering & Technology,http://www.isaet.org/
664,International Scientific Engineering and Research Publications,http://iserp.org/
665,International Scientific Invention Journals,http://isij.in/
666,International Scientific Journal (ISJ),http://www.scientific-journal.com/
667,International Scientific Organization (links to Bosal),http://www.iscientific.org/
668,International Scientific Publications,http://www.scientific-publications.net/
669,"International Scientific Research Organization for Science, Engineering and Technology (ISROSET)",http://www.isroset.org/
670,International Scientific Research Organization Journals (ISROJ),http://isroj.net/index.php?menu=home
671,International Skill Research Journals,http://acjournal.in/
672,International Society for Engineering Research and Development (ISERD),http://www.iserd.co/
673,International Society for Engineers and Researchers (ISER),http://iser.co/
674,International Society for green.sustainable engineering and management,http://isgsemjournal.blogspot.com/
675,International Society for Zoological Research (ISZR),http://iszr.org/Jrs/index.php/index/index
676,International Society of Thesis Publication (ISTP),http://www.istp.org.in/
677,International Society of Universal Research in Sciences (EyeSource),http://www.isurs.org/
678,International Technology and Science Publications Ltd (ITS),http://www.itspoa.com/
679,InternationalJournals.co.in,http://internationaljournals.co.in/
680,Internet Scientific Publications,http://www.ispub.com/
681,Interscience Journals,http://interscience.org.uk/
682,Interscience Open Access Journals,http://www.interscience.in/
683,Inter-USE (International Union of Science and Education),http://inter-use.com/
684,Intuition Journals,http://intuitionjournals.org/
685,Invention Journals,http://inventionjournals.org/
686,IORE International,http://www.ioreinternational.org/
687,IOS Publishing (Institute of Science Publishing),http://www.iospublishing.org/
688,IOSR Journals (see International Organization of Scientific Research),http://iosrjournals.org/index.html
689,"IPN Education Group (IPN Publishing, related or a rebrand of International Postgraduate Network)",http://www.ipneducationgroup.org/
690,iProbe Group,https://www.iprobegrp.com/
691,i-Proclaim (related to ABC Journals),https://i-proclaim.my/
692,Ira Publications,http://www.irapub.com/
693,IRDP Group of Journals (Innovative Research Developers and Publishers),http://irdp.info/
694,IRED International Journals,http://theired.org/organizer.html
695,IRIS Publishers,https://irispublishers.com/
696,IRO Journals,http://irojournals.com/index.html
697,IROSSS (International Research Organization of Sciences and Social Sciences),http://www.irosss.org/
698,Isaac Scientific Publishing,http://www.isaacpub.org/Home.aspx
699,iSER Publications,http://iserjournals.com/
700,Ishaan Publishing House,http://www.iphsci.com/index.html
701,Ishitv Technologies,http://ishitvtech.in/
702,ISISnet,http://www.isisn.org/
703,Islamic World Network for Environmental Science and Technology (IWNEST Publisher),http://www.iwnest.com/index.html
704,ISPACS (International Scientific Publications and Consulting Services),http://ispacs.com/
705,ITSR (InformTechCell),http://informtechcell.com/
706,Ivy Union Publishing,http://ivyunion.org/
707,Jabalpur Management Association,http://jabalpurmanagementassociation.co.in/Journals.aspx
708,Jacobs Publishers,http://www.jacobspublishers.com/index.php
709,JACS Directory,http://jacsdirectory.com/jacs/index.php
710,Jaypee Journals,http://jaypeejournals.com/
711,JET Publishing,http://www.jetpublishing.org/index.html
712,Joseph Publishing Group,http://www.josephpublishinggroup.com/
713,Journal Dynamics,http://www.journaldynamics.org/
714,Journal Issues,http://www.journalissues.org/index.php
715,Journal Network,http://www.journalnetwork.org/
716,Journal of Comprehensive Research,http://jupapadoc.startlogic.com/compresearch/
717,Journal of Harmonized Research Publications,http://www.johronline.com/
718,Journal of The International Association of Advanced Technology and Science (JIAATS),http://www.jiaats.com/index.php
719,Journals Club & Co.,https://journalsclub.com/
720,Journals of Scientifics R&D,http://journals-of-scientifcs-rd.com/
721,Journals of University of Babylon,https://www.journalofbabylon.com/
722,Journals Pub,http://www.journalspub.com/
723,JournalsBank,http://www.journalsbank.com/
724,JScholar Journals,http://www.jscholaronline.org/list-of-journals.php
725,JSciMed Central,http://www.jscimedcentral.com/
726,July Press,http://julypress.com/
727,Juniper Publishers,http://juniperpublishers.com/
728,Jyoti Academic Press,http://jyotiacademicpress.net/
729,KAAV Publications,http://www.kaavpublications.org/
730,Kaleidoscope Journals,http://www.kjournals.org/
731,KambohWell Publisher Enterprises,http://www.kwpublisher.com/
732,Kamla Raj Enterprises (KRE Publishers),http://www.krepublishers.com/KRE-New-J/index.html
733,KEI Journals,http://www.journals.ke-i.org/index.php/index/index
734,KEJA Publications,http://www.kejapub.com/
735,Kenkyu Group,http://www.kenkyuonline.org/
736,Key Research Journals (KRJ),http://www.keyresearchjournals.org/
737,Kiban Research Publications,http://kibanresearchpublications.com/index.html
738,Kindi Publication,http://www.kindipublication.com/home.html
739,Knowledge Empowerment Foundation,https://www.kemfo.org/
740,Knowledge Insights,http://knowledge-insights.org/
741,Knowledge Publishing Printing & Distribution House,http://www.knowledgepublishinghouse.com/index.html
742,Knowledgebase Publishers,http://www.knowledgebasepublishers.org/
743,KnowledgeCuddle Publication,http://www.knowledgecuddle.com/
744,KnowledgesPublisher,http://www.knowledgespublisher.com/
745,Knowledgia Scientific (formerly Knowledgia Review),http://www.knowledgia.net/
746,Kogaion Publishing Center,http://euacademic.org/
747,Kosmos Publishers,http://www.kosmospublishers.com/
748,Kowsar Publishing,http://kowsarpub.com/en/
749,Kozmenko Science Publishing,http://www.kozmenkopublishing.com/
750,Krishi Sanskriti,http://www.krishisanskriti.org/Jounrals.php?title=Journals
751,KSP Journals,http://kspjournals.org/
752,KY Publications,http://www.kypublications.com/
753,Ladder Publishing House,http://www.ladderpublishers.org/
754,Lambert Academic Publishing,https://www.lap-publishing.com/
755,Landmark Research Journals,http://www.landmarkresearchjournals.org/lrjbme/index.php
756,LAR,http://www.thelar.org/
757,Latin American Publicações,https://latinamericanpublicacoes.com.br/index.html
758,Lawarence Press,http://lawarencepress.com/
759,Lecolink Research Journals,http://www.lecolinkresearchjournals.org/index.php
760,Lectito,http://www.lectitopublishing.nl/
761,Lectito Journals,http://www.lectitojournals.com/
762,Leena & Luna International,http://www.ajssh.leena-luna.co.jp/
763,"Leon Publications (publisher of the Chemistry Research Journal, the Pharmaceutical & Chemical Journal, and the Journal of Scientific and Engineering Research)",https://chemrj.org/
764,Lexis Publisher,http://lexispublisher.com/index.html
765,Library of Academic Resources (LAR),http://thelar.ca/
766,LIDSEN Publishing Inc. (see also Open BioMedical Publishing Corporation),http://www.lidsen.com/
767,Lifescience Global,http://www.lifescienceglobal.com/
768,LifeSciFeed Ventures,http://www.lifescifeed.com/index.htm
769,Lighthouse Journal Publication (Lighthouse Journals),http://www.lighthousejournals.org/index.php
770,Literati Scientific and Publishers (Literati Publishers),http://literatipublishers.com/Journal/index.html
771,London Journals Press,http://journalspress.com/
772,Longbridge Publishing Company,http://www.lbrpublishing.com/
773,Longdom Publishing (connected to International Scholars Journals – ISJ),https://www.longdom.org/
774,Look Academic Publishers,http://lookacademy.nl/
775,Lorem Journals,http://loremjournals.com/index.php
776,Lupine Publishers,http://www.lupinepublishers.com/
777,Macoctagon Journals,http://www.macoctagonjournals.org/
778,macroJournals,http://macrojournals.com/home
779,Macrothink Institute,http://www.macrothink.org/
780,MacroWorld,http://www.macroworldpub.com/
781,Madridge Publishers,http://madridge.org/
782,Magnus Med Club (MMC),https://www.magnusmedclub.com/
783,Mainspringer,http://mainspringer.com/pub_site/
784,Mak Periodical Library,https://makperiodicallibrary.com/
785,Management Journals,http://www.managementjournals.org/index.php
786,Marsland Press,http://www.sciencepub.net/
787,Mary and Sam Research Academia,http://www.marynsam.co.uk/
788,Maryland Institute of Research,http://miredu.org/
789,MASAUM Network,http://www.masaumnet.com/
790,Mathews Open Access Journals,http://www.mathewsopenaccess.com/
791,Maxwell Scientific Organization,http://maxwellsci.com/jlist.php
792,MAYFEB Technology Development,http://www.mayfeb.com/OJS/
793,McMed International,http://mcmed.us/
794,Meas Publishing Ltd,http://measpublishing.co.uk/
795,MECS (Modern Education and Computer Science Press),http://www.mecs-press.org/
796,MedCave Publications (also here),http://medcavepublications.org/
797,MedCrave,http://medcraveonline.com/
798,Medical science,http://www.ghrnet.org/index.php/index/index
799,Medical Science Journals,http://medical.sciencejournals.cc/
800,Medip Academy,http://www.medipacademy.com/
801,Medip Academy,https://www.medipacademy.com/
802,Mediterranean Center of Social and Educational Research (MCSER),http://mcser.org/
803,MEDNANO Publications,http://www.medtechnano.com/
804,Medpulse Publishing Corporation (connection to Statperson Publishing Corporation),https://www.medpulse.in/
805,Medtext Publications,http://www.medtextpublications.com/
806,Medwell Journals,http://www.medwelljournals.com/home.php
807,Medwin Publishers,http://medwinpublishers.org/
808,Meghana Publications,http://meghanapublications.com/index.php#MEGHANA
809,Mehria International Publishers,http://www.ijvets.com/
810,Mehta Press,http://www.mehtapress.com/
811,Merit Research Journals,http://meritresearchjournals.org/index.htm
812,Meta Research Press,http://www.mrpress.org/
813,MK Science Set Publishers,https://www.mkscienceset.com/
814,MNK Publication,http://www.mnkjournals.com/index.htm
815,Modern Business Press,http://www.modernbusinesspress.com/
816,Modern Research Publishers,http://www.modernrespub.org/
817,Modern Scientific Press,http://modernscientificpress.com/
818,Molecular Biology Journals (see also OMICS),http://www.molecularbiologyjournals.com/
819,Mr. Scholar,https://www.mrscholar.com/
820,Muhammadon Centre for Research and Development (MCRD),http://www.muhammadon.org/index.php
821,MuK Publications & Distributions,http://www.mukpublications.com/
822,Multidisciplinary Digital Publishing Institute (MDPI),http://www.mdpi.com/
823,Multidisciplinary Journals,http://www.multidisciplinaryjournals.com/
824,Mustang Journals,http://mustangjournals.com/index.html
825,N&N Global Technology (NNGT),http://www.nngt.org/
826,NADIA (relation to SERSC),https://nadiapub.com/
827,Narain Publishers Pvt. Ltd (NPPL),http://www.npplweb.com/
828,National Association of Scholars,http://national-science.ru/
829,National College of Physicians,https://www.ncnp.org/medical-journals.html
830,National FORUM Journals,http://www.nationalforum.com/
831,Natural Science Simulations and Engineering Laboratory Limited (NSSEL Publishing),https://nssel.uk/
832,Natural Sciences Publishing Corporation,http://www.naturalspublishing.com/index.asp
833,Naturepub,http://naturepub.org/
834,Nauk Publication,http://www.naukpublication.org/
835,Nemis Journals,http://www.nemisjournals.org/
836,Nessa Publishers (NP),http://www.nessapublishers.com/index.php
837,Net Journals,http://www.netjournals.org/
838,New Century Publishing Group,http://www.newcpress.com/
839,New Century Science Press,http://www.newcenturyscience.com/
840,New Delhi Publisher,http://ndpublisher.in/index.php
841,New Ground Research Journals,http://www.newgroundresjournals.org/
842,New Science,https://newsciencepubl.com/
843,New Science Series Journals (NSSJ),http://web.newscienceseries.com/
844,New Scientist Publishers,http://www.newscientistpublish.com/
845,New World Publishing,http://www.newworldpub.com/homepage.html
846,New World Sciences Academy,http://www.newwsa.com/
847,Newpubli,http://www.newpubli.com/index.shtml
848,Nextgen Research Publications (publishes IJNTR),https://www.ijntr.org/
849,Nexus Academic Publishers (NAP),http://nexusacademicpublishers.com/
850,nhsJournal,http://nhsjournals.org/
851,Nobel International Journals,http://www.nobel.gen.tr/
852,Noble Academic Publisher (NAP),http://napublisher.org/
853,NobleResearch,http://nobleresearch.org/
854,Non Olympic Times,http://www.nonolympictimes.org/
855,North American Research Publishing,http://www.narpub.com/
856,North Asian International Research Journal Consortium (NAIRJC),http://www.nairjc.com/
857,North Atlantic University Union,http://www.naun.org/wseas/cms.action
858,Noto-are,https://www.notoare.com/
859,Nova Explore Publications,http://novaexplore.com/
860,Novel Science,http://www.nvlscience.com/
861,Novelty Journals (see also Social Science Journals),http://www.noveltyjournals.com/
862,Novus Scientia Journals,http://novusscientia.org/index.php
863,Nuclei Online,http://nucleionline.org/
864,OA Publishing London,http://oapublishinglondon.com/index.php
865,"OAE Publishing, Inc. (OAE)",http://oaepublish.com/
866,Oak-Fortress Journals,http://oakfortressjournals.org/index.php
867,OASP Journals,http://www.oaspjournal.org/
868,Oceanic Journals,http://oceanicjournals.org/
869,Ocimum Scientific Publishers,https://ocimumpublishers.com/
870,Ology Journals,http://ologyjournals.com/
871,Ology Science,http://ologyscience.com/index.php
872,OMICS International (OMICS Publishing Group),http://www.omicsonline.org/
873,Ommega Publishers,http://ommegaonline.com/
874,OneCentral Press,http://www.onecentralpress.com/
875,Onjourn,https://www.onjourn.org/
876,Online Journals Management System (OJMS),http://onlinejournals.oscij.com/index.php/index/index
877,Online Research Journals,http://onlineresearchjournals.org/index.htm
878,Online Science Publishing,http://onlinesciencepublishing.com/
879,Onomy Science (Onomy Journals),http://onomyscience.com/
880,OPAST,http://www.opastonline.com/
881,Open Academic Press,http://www.openacademicpress.de/
882,Open Access (OA) Publication,https://oapublication.com/
883,Open Access eBooks,http://openaccessebooks.com/
884,Open Access Journal Limited (The OJAL),http://theojal.com/
885,Open Access Journals,http://www.openaccessjournals.com/
886,Open Access Journals Publishing Company,http://oaj-pc.com/
887,Open Access Library,http://www.oalib.com/
888,Open Access Pub (also here),http://www.openaccesspub.org/
889,Open Access Publishing Group,http://oapub.org/edu/index.php/index
890,Open Access Science Research Publisher (OASRP),http://openaccessscience.com/
891,Open Access Scientific Knowledge (OASK) Publishers,https://oaskpublishers.com/
892,"Open Access Text (OAT, OA Text)",http://oatext.com/
893,Open BioMedical Publishing Corporation (OBM) (see also LIDSEN Publishing Inc.),http://www.obm-pc.com/
894,Open Exploration,https://www.explorationpub.com/
895,Open Journal Systems,http://ambs-journal.co.uk/ojs-2.4.7-1/index.php/index
896,Open Knowledge Journals,http://okjournals.org/
897,Open Research and Science Library (ORSlib),http://www.orslib.org/index.html
898,Open Research Network,http://www.openresearchnetwork.org/
899,Open Research Society,http://www.open-knowledge-society.org/
900,Open Science,http://www.openscienceonline.com/
901,Open Science Publications,http://www.opensciencepublications.com/
902,OpenAccessPub (also here),http://www.openaccesspub.org/
903,Openventio Publishsers,http://openventio.org/
904,OPR Science,http://oprscience.com/
905,ORB Academic Publisher,http://www.orb-academic.org/
906,Orbit Research and Development,http://www.orbitjournals.com/index.php
907,ORIC Publications,http://www.oricpub.com/
908,Oriental Scientific Publishing Company,http://ospcindia.org/
909,Oxbridge Publishing House,https://oxbridgepublishinghouse.com/
910,Ozean Publications,http://ozelacademy.com/
911,OZZIE Publishers,https://www.amdhs.org/about-ozzie.html
912,Pacesetter Online Publishers,http://pacesetteronlinepublishers.org/
913,Pacific Group of e-Journals (PaGe),http://pacificejournals.com/
914,Pak Publishing Group,http://www.pakinsight.com/
915,Pakistan Science Mission (PSM),http://psmpublishers.org/
916,Palgo Journals,http://www.palgojournals.org/
917,Panacea Research Library,http://prlpublisher.com/
918,Paper Publications (see also Social Science Journals),http://www.paperpublications.org/
919,PaperSciences Research Publisher,http://www.papersciences.com/
920,Paramount Journals,http://www.paramountjournals.com/
921,PBS Journals,http://pbsjournals.com/index.php
922,Peak Journals,http://www.peakjournals.org/index.html
923,Pearl Publication,http://www.pearlpub.com/
924,Pearl Research Journals,http://www.pearlresearchjournals.org/
925,Peertechz (Peer Teechz),http://www.peertechz.com/
926,Pelagia Research Library,http://pelagiaresearchlibrary.com/index.html
927,Pencil Academic Press,http://www.pencilacademicpress.org/
928,Pezzottaite Journals,http://pezzottaitejournals.net/pezzottaite/
929,Pharma Intelligence,http://www.pharmaintelligence.org/
930,Pharma Publisher,http://www.pharmapublisher.com/
931,Pharma Research Library,http://www.pharmaresearchlibrary.com/
932,Pharmaceutical Research Foundation,http://pharmresfoundation.com/
933,PharmaInfo,http://www.pharmainfo.in/
934,PharmaInterScience Publishers,http://www.pharmainterscience.com/
935,Pharmascope Publications,http://www.pharmascope.org/
936,Philippine Association of Institutions for Research (PAIR),http://philair.ph/publication/index.php/index/index
937,Photon Foundation,https://sites.google.com/site/photonfoundationorganization/
938,"Phronesis, LLC",https://phronesisonline.com/
939,Pinnacle Journal Publication,http://pjpub.org/
940,Pinnacle Research Journals (PRJ),http://prj.co.in/
941,Pioneer Scientific Publisher,http://www.pspchv.com/
942,PiscoMed Publishing,http://www.piscomed.com/
943,Planetary Scientific Research Center (PSRC),http://psrcentre.org/
944,Platinum Global Journals,http://www.platinumglobaljournals.org/
945,Prague Development Center (PRADEC),http://www.pradec.eu/
946,Premier Publishers,http://premierpublishers.org/
947,Premier Science,https://premierscience.com/
948,PressAcademia,http://www.pressacademia.org/
949,Prime Journals,http://www.primejournal.org/index.html
950,Pristine Research Journal Publications (PRJP),http://www.prjp.org/index.htm
951,Priyanka Research Journal Publication,http://www.prjpublication.com/index.html
952,Progress Publishing Company (see International Journal of Academic Research Publisher),http://www.eu-print.org/ilk.php
953,Progressive Academic Publishing,http://www.idpublications.org/
954,Progressive Science Publications,http://www.pscipub.com/MWP/
955,Project Innovation (also here),http://www.projectinnovation.biz/
956,ProJournals (Professional Journals),http://www.projournals.org/
957,Proscience Journals,http://www.proscience-journals.com/default.php
958,Prudence Journals,http://www.prudencejournals.org/index.htm
959,Prudent Journals,http://prudentjournals.org/IRJCP/
960,Pubicon International Publications (Pubicon Journals),http://www.pubicon.com/
961,Public Science Framework,http://www.aiscience.org/psf/index.html
962,Publishing House of Sciences (PHS),http://phosciences.com/
963,Publishing Press,http://publishingpress.info/
964,PubMedHouse,http://www.pubmedhouse.com/
965,Pulsus Group,http://www.pulsus.com/
966,Purple Journals,http://www.purplejournals.org/
967,Pushpa Publishing House,http://www.pphmj.com/
968,Pyrex Journals,http://www.pyrexjournals.org/
969,Qingres,http://www.qingres.com/
970,Quazzy Journals,http://quazzyjournals.org/index.htm
971,Quest Journals,http://www.questjournals.org/index.html
972,R&S Publications,https://sites.google.com/a/randspublications.org/randspublications/home
973,R&D Modern Research Publication,http://rdmodernresearch.com/
974,Raft Publications,https://www.raftpubs.com/
975,RAJ Group,http://www.ra-j.org/
976,Rating Academy,http://ratingacademy.com.tr/web/index.php/en/
977,Readers Insight Publishers,http://readersinsight.net/
978,Recent Science,http://recentscience.org/
979,Red Flower Publication Private Limited,http://www.rfppl.co.in/index.php
980,ReDelve International Publications,https://www.redelve.com/
981,RedFame Publishing,http://www.redfame.com/home/
982,Remedy Publications,http://www.remedypublications.com/
983,Renu Publishers,https://renupublishers.com/
984,Research & Analysis Journals (RA Journals),http://www.rajournals.in/
985,Research & Development Organization,
986,Research & Reviews (International Journals),http://www.rroij.com/
987,Research Academy of Social Sciences (RASS),http://www.rassweb.com/
988,Research Alert Journals,http://resealert.com/
989,Research and Educational Society,http://www.resindia.org/
990,Research and Knowledge Publication,http://www.rekpub.com/
991,Research and Scientific Innovation Society (RSIS),http://www.rsisinternational.org/
992,Research Center of Education and Science (RCES),http://rcesnet.com/
993,Research Centre for Management and Social Studies (RCMSS),http://rcmss.com/
994,Research Consultants and Publisher,http://recopublisher.org/index.php/Recopublisher
995,Research Foundation for Humanity (RFH),http://rfh.org.pk/
996,Research India Publications (RIP),http://www.ripublication.com/
997,Research Infotext,https://researchinfotext.com/
998,Research Institute for Progression of Knowledge (RIPK),http://www.ripknet.org/
999,"Research Institute for Science, Technology, and Society (RISTaS)",http://journal.ristas.org/
1000,Research Journal,http://www.researchjournalz.com/
1001,Research Novelty Publisher (RNP),https://researchnovelty.com/
1002,Research Open,http://researchopenworld.com/
1003,Research Pioneers,http://researchpioneers.com/
1004,Research Publish Journals (see also Social Science Journals),http://www.researchpublish.com/
1005,Research Publisher,http://researchpub.org/index.html
1006,Research Publishing Group,http://rpublishing.org/
1007,Research Route,http://www.researchroute.com/
1008,Research Script,http://researchscript.com/
1009,Research Trend,http://www.researchtrend.net/
1010,Research WebPub,http://www.researchwebpub.org/
1011,"Research, Science, and Technology Publishers (RST)",http://rstpublishers.com/
1012,Researchjournali,http://www.researchjournali.com/index.php
1013,ResearchLEAP,http://researchleap.com/
1014,Revistas Academicas,http://revistas-academicas.com/
1015,Revotech Press,http://www.revotechpress.com/
1016,RG Education Society (RG Journals of Scientific Research),http://www.rgsociety.org/
1017,Rising Vision (RV),http://www.risingvision.org/index.html
1018,Rivera Publications,http://riverapublications.com/
1019,RM Research International Pte. Ltd,http://rmjournals.com/
1020,Ross Science Publishers,http://rossscience.org/index.php
1021,RS Publication,http://rspublication.com/
1022,"Rutveg Publishing, Inc.",http://www.rutveg.com/
1023,RW|ResearchWorld,http://researchworld.org/
1024,S Open Access Open Journals Publishing (SOAOJ),https://soaoj.com/
1025,Sacha And Diamond Academic Publishers,http://www.sachajournals.com/
1026,Sadguru Publications,http://www.sadgurupublications.com/ContactUs.aspx
1027,SAE Publications (Scientific and Academica Editores Publication house - SAEP),http://saepub.com/
1028,Sageya Publishers,http://www.jicep.com/?page=aboutsageya
1029,Sai Om Publications,http://www.saiompublications.com/
1030,Sai Scientific Communications,http://sphinxsai.com/index.htm
1031,Sakun Publishing House (SPH),http://www.ijplsjournal.com/index.html
1032,SAMANM Group of Research Publications (SGRP),http://www.samanmjournals.org/
1033,Sanford Inter Science Press,http://sispress.org/
1034,Sans Publishing Group,http://www.sansgroup.org/
1035,Sapient Press,http://www.sapientpress.com/index.html
1036,Savant Journals,http://savantjournals.org/
1037,SAVAP International,http://www.journals.savap.org.pk/
1038,Savvy Science Publisher,http://savvysciencepublisher.com/
1039,Scholar Journals,http://www.scholarjournals.org/
1040,Scholar People,http://scholarpeople.org/
1041,Scholar Publications,http://www.scholarpublications.in/index.html
1042,Scholar Science Journals,http://www.ssjournals.com/
1043,ScholArena (also here),http://www.scholarena.com/
1044,Scholarlink Resource Centre Limited,http://scholarlinkresearch.com/
1045,Scholarly and Academic Research Journals (SARJ),http://www.sarjournals.org/index.html
1046,Scholarly Journals,http://scholarly-journals.com/index.htm
1047,Scholarly Pages (new website of The Scientific Pages),http://scholarlypages.org/
1048,Scholarly Research Journal’s,http://www.srjis.com/
1049,Scholarly Research Publisher,http://www.srpublishers.org/
1050,Scholars Academic and Scientific Publishers (SAS Publishers),http://saspublisher.com/
1051,Scholars Academic and Scientific Society (SAS Society),https://sassociety.com/journals/
1052,Scholars Middle East Publishers,http://scholarsmepub.com/
1053,Scholars Research Library,http://scholarsresearchlibrary.com/
1054,Scholars Scitech Research,http://www.scischolars.com/
1055,ScholarsHub.net,http://www.scholarshub.net/
1056,Scholedge R&D Center,http://thescholedge.org/
1057,Scholink,http://www.scholink.org/Home.html
1058,Scholoxy Publications,http://www.scholoxy.org/open-access-journals.php
1059,Sci Forschen,http://sciforschenonline.org/
1060,SciAccess Publisher (SciAccess Publishers),http://www.sciaccesspublishers.com/
1061,SCIAEON,http://sciaeon.org/
1062,Sci-Afric Publishers,http://www.sci-africpublishers.org/
1063,SciDoc Publishers,http://scidoc.org/index.php
1064,Sci-Edit Publications,http://sci-edit.net/journal/
1065,Sciedu Press,http://sciedu.ca/web/
1066,Science & Engineering Research Support soCiety (SERSC),http://www.sersc.org/
1067,Science & Knowledge Publishing Corporation Limited,http://scik.org/
1068,Science Academy Publisher,http://www.sciacademypublisher.com/
1069,Science Alert,http://scialert.net/index.php
1070,Science and Education Centre of North America,http://www.todayscience.org/
1071,Science and Education (SciEP sciepub.com),http://www.sciepub.com/portal/Home
1072,Science and Engineering Publishing Company,http://www.seipub.org/
1073,Science and Knowledge Research Society (SandK Research Society),http://www.sandkrs.com/index-2.html
1074,Science and Technology Central,http://scitechc.com/index.php/index
1075,Science and Technology Publishing,https://scitechpub.org/
1076,Science Arena Publications,http://sciarena.com/MWP/
1077,Science Education Foundation,http://www.ejournalnet.com/
1078,Science Explorer Publications (explorerpub.com),http://explorerpub.com/en/
1079,Science Fair Open Library (SFOL),http://www.sciencefairopenlib.com/index.html
1080,Science Huβ,http://scihub.org/
1081,Science Instinct Publications,http://www.sciipub.com/
1082,Science Journal Publication (SJP),http://www.sjpub.org/
1083,Science Park Journals,http://scienceparkjournals.com/
1084,Science Park Research Organization and Counseling (SPROC),http://www.sproc.org/index.htm
1085,Science Publications (www.sciencepublication.org),http://www.sciencepublication.org/
1086,Science Publications (www.thescipub.com),http://www.thescipub.com/
1087,Science Publishing Corporation,http://www.sciencepubco.com/
1088,Science Publishing Gate (SPG),http://sciencepublishgate.com/
1089,Science Publishing Group (also known as SciencePG and SCIPG),http://www.sciencepublishinggroup.com/home/index.aspx
1090,Science Publishing Group (spg.ltd),http://spg.ltd/
1091,Science Q Publishing Group,http://www.scienceq.org/
1092,Science Record Journals,http://www.sciencerecord.com/
1093,Science Repository,https://www.sciencerepository.org/
1094,Science Research Association (SCIREA),http://www.scirea.org/
1095,Science Research Library (SRL),http://www.scienceresearchlibrary.com/
1096,Science Sights,http://sciencesights.com/j/home.php?x=0
1097,Science Signpost Publishing Inc. (SSPub),http://www.ss-pub.org/
1098,Science Target,http://www.sciencetarget.com/
1099,Science Web Publishing (Scienceweb Publishing),http://www.sciencewebpublishing.net/
1100,ScienceDomain International (Science Domain International – SDI) (also here and here),http://www.sciencedomain.org/
1101,ScienceFlora,http://scienceflora.org/
1102,ScienceForecast Publications LLC,https://scienceforecastoa.com/
1103,Scienceline Publications,http://www.science-line.com/index/
1104,Sciences & Engineering Research Publication,http://www.scenrp.com/
1105,ScienceScholar (UTM Publication),https://sciencescholar.us/
1106,ScienceScript,http://www.sciencescript.org/
1107,ScienceSolve,http://www.sciencesolve.com/
1108,Sciencevier,http://sciencevier.com/
1109,Scienpress Ltd.,http://www.scienpress.com/Default.asp
1110,Scient Open Access,http://scientonline.org/
1111,ScienTech Publisher,http://www.sci-en-tech.com/index.html
1112,Scientia Ricerca,http://scientiaricerca.com/
1113,Scientia Socialis,http://www.scientiasocialis.lt/?q=node/5
1114,Scientia Socialis,http://www.scientiasocialis.lt/
1115,Scientific & Academic Publishing,http://www.sapub.org/journal/index.aspx
1116,Scientific & Academic Publishing (SAP),http://www.sapub.org/journal/index.aspx
1117,Scientific Advances Publishers,http://www.scientificadvances.co.in/
1118,Scientific Cooperations,http://ase-scoop.org/journals.html
1119,Scientific Education,http://www.scientificeducation.org/
1120,Scientific Federation (SciFed),http://scientificfederation.com/index.php
1121,Scientific Future,http://scientificfuturegroup.com/
1122,Scientific Institute For Advanced Training and Studies (SIATS),http://www.siats.co.uk/
1123,Scientific Journals,http://www.scientific-journals.co.uk/
1124,Scientific Journals International,http://www.scientificjournals.org/
1125,Scientific Literature,http://www.scientificliterature.org/
1126,Scientific Online Publishing,http://www.scipublish.com/
1127,Scientific Open Access Journals (SOAJ),http://www.scientificoajournals.org/index.php
1128,Scientific Perspectives Publishing (Scipers),http://waprogramming.com/index.php
1129,Scientific Planet,http://www.sciencebeingjournal.com/
1130,Scientific Platform Online Journals,http://sciplatform.com/journals/index.php/index/index
1131,Scientific Research and Community,https://www.onlinescientificresearch.com/
1132,Scientific Research Gate,http://scigatejournals.com/publications/
1133,Scientific Research Publishing (SCIRP),http://www.scirp.org/
1134,Scientific Times,http://scientifictimes.org/index.html
1135,Scientific Viewers,http://www.scientificviewers.com/
1136,ScientificWebJournals (SWJ),http://www.scientificwebjournals.com/
1137,SciForschen (see Sci Forschen),http://sciforschenonline.org/
1138,Scigmoid,http://www.scigmoid.com/index.php
1139,Sciknow,http://www.sciknow.org/
1140,Scimaze Group (Scimaze Publishers),https://scimaze.org/
1141,Scinzer Scientific Publications,http://www.scinzer.com/
1142,SciPress Ltd,http://www.scipress.com/
1143,SciRes Literature,http://scireslit.com/index.php
1144,SciRex,http://scirexonline.com/
1145,SCITECH,http://scitecresearch.com/
1146,SciTech Central Inc.,http://www.scitcentral.com/
1147,SciTechnol,http://scitechnol.com/
1148,Scitechz,http://scitechz.com/index.html
1149,SciVision Publishers (SciVision Publishing Group),http://www.scivisionpub.com/
1150,Scopub (see WisdomGale),https://www.scopub.com/jmrr/
1151,ScottishGroup Education and Testing Services,http://scottishjournal.co.uk/
1152,Scribes Guild,http://www.scribesguildjournals.org/journals.html
1153,SDIP Press,https://www.sdippress.com/
1154,SEAHI Publications & Academic Journals (SEAHI PAJ),http://seahipaj.org/
1155,Segment Journals,http://www.segmentjournals.com/
1156,Seitejournals,http://www.seitejournals.com/
1157,Serials Publications Pvt Ltd,http://www.serialsjournals.com/
1158,SETScholars,http://www.setscholars.org/
1159,Seven Publicações Acadêmicas,https://sevenpublicacoes.com.br/
1160,Seventh Sense Research Group Journals,http://www.internationaljournalssrg.org/index.html
1161,Shri Param Hans Education & Research Foundation Trust,http://www.sphert.org/
1162,Sift Desk,http://www.siftdesk.org/
1163,Significs Online Publishing,http://significsonline.com/
1164,Signpost e Journals,http://signpostejournals.com/ejournals/Home.aspx
1165,Silicon Valley Publishers,http://www.svpublishers.co.uk/
1166,Singaporean Journals,http://iaaet.org/sjsr/index.html
1167,SJournals,http://sjournals.com/
1168,Sky Journals,http://www.skyjournals.org/index.htm
1169,Slovakia Academic Publishing (SVAP),http://www.skaponline.com/
1170,SM Group (SM Online Publishers),http://smjournals.com/
1171,Smart Science & Technology,http://www.smartscitech.com/
1172,SmatPub,http://smatpub.com/Journals.php
1173,Smile Nation – Lets Smile Together,http://www.ijsscr.com/contact.html
1174,Smith & Franklin Academic Publishing Corporation,http://smithandfranklin.com/
1175,Social Science Journals (a website created by three predatory publishers),http://socialsciencejournals.com/
1176,Society for Advancement of Sciences,http://www.sasjournals.com/
1177,Society for Science and Education United Kingdom (also called Society for Science and Education – SSE UK),http://scholarpublishing.org/index.php/index
1178,Society for Science and Nature,http://scienceandnature.org/index.php
1179,Society of Business Research,https://www.sbrconferences.com/
1180,Society of Education,http://soeagra.com/
1181,Society of Engineering Science and Technology (SEST India),http://www.sestindia.org/
1182,Sons and Daughters Publishing House (SDPHI; E-JOURNALDIRECT),http://www.e-journaldirect.com/index.php
1183,"Source, Source Journals",http://www.researchsource.org/home
1184,South Asian Academic Publications,https://saap.org.in/
1185,South Asian Academic Research Journals,http://www.saarj.com/index.html
1186,South Florida Publishing,https://southfloridapublishing.com/
1187,Southern Cross Publishing Group,http://www.sciencej.com/submit.html
1188,Speak Foundation,http://foundationspeak.com/
1189,SPIRI The Global Research,http://www.spiri.org/
1190,Spring City Culture International Group Pte Ltd. (also here),http://www.springcityculture.com/
1191,Spring International S&T Publishing Media Co. (Spring Media Publishing),http://springpublishing.org/index.php/index/index
1192,Spring Journals,http://www.springjournals.net/
1193,Springwood Publishing Corporation,http://www.springwoodpublication.com.au/
1194,Sprint Journals,http://www.sprintjournals.com/
1195,Sri Krishna International Research & Educational Consortium (SKIREC),http://skirec.org/index
1196,Sryahwa Publications,http://www.sryahwapublications.com/
1197,SS Publications,http://www.sspublications.co.in/
1198,St. Anne Mary Publication,http://www.annemary.org/publication
1199,Standard Global Journals,http://www.standardglobaljournals.com/index.html
1200,Standard Research Journals,http://standardresearchjournals.org/
1201,Statperson Publishing Corporation,http://statperson.com/
1202,Stechnolock,http://www.stechnolock.com/
1203,STM Connect,http://www.stmconnect.com/
1204,Streem Journal,http://streemjournals.org/
1205,Stringer Open,http://www.stringeropen.com/
1206,Studies Publicações,https://studiespublicacoes.com.br/
1207,SunKrist Publishing,https://sunkristpublishing.com/
1208,SunText Reviews,https://suntextreviews.org/
1209,Suryansh Publications,https://scholarlyoa.wordpress.com/wp-admin/www.suryanshpublications.inf
1210,Sustainable Scientific Publisher,http://www.sustsci.org/
1211,Sustenere Publishing or Companhia Brasileira de Produção Científica (CBPC),https://sustenere.inf.br/
1212,SV Publication,http://www.svpublication.com/
1213,Swan Open,http://www.swanopen.com/
1214,Swedish Scientific Publications,http://swedishscientificpublications.com/
1215,Swift Journals,http://www.swiftjournals.org/
1216,Swiss Journals,http://www.swissjournals.org/
1217,Symbiosis (Symbiosis Online Publishing),http://symbiosisonlinepublishing.com/index.php
1218,Synchro Publisher,http://www.synchropublisher.com/
1219,Synergy Publishers,http://www.synergypublishers.com/
1220,Synotec Publishers,http://www.synotecpublishers.com/
1221,Syntax Publishers,https://syntaxpublishers.org/
1222,T&S Journal PUblications,http://tands-journal-publications.com/
1223,TAF Publishing,http://www.tafpublications.com/platform
1224,Takayama Publishing Group,http://journal.medsys-site.com/
1225,Takshila,http://takshila.org/
1226,Taraksh Journals,http://www.taraksh.org/index.htm
1227,Techmind Research,http://www.techmindresearch.com/index.php?page=index
1228,Technical Journals Online,http://www.technicaljournalsonline.com/index.html
1229,Techno Science Academy,http://technoscienceacademy.com/
1230,Technopark Publications,http://technoparkpublications.com/
1231,Terminal Journals,http://www.terminaljournals.org/
1232,Textroad Journals,http://www.textroad.com/
1233,Thales Academic Publisher,http://www.thalespublisher.com/
1234,Thavan E ACT International Journals,http://www.thavan.org/
1235,The 5th Publisher,http://www.5thpublisher.com/
1236,The American Publishing House (TAPH),https://www.theamph.com/
1237,The Center for Innovations in Business & Management Practice,http://www.cibmp.org/
1238,The Clute Institute,http://www.cluteinstitute.com/
1239,The Economics and Social Development Organization (TESDO),http://www.tesdo.org/Default.aspx
1240,The European Scientific Community,http://europe-science.com/en/
1241,The Global Journals,http://www.paripex.in/
1242,The Institute for Business and Finance Research (IBFR),http://www.theibfr.com/
1243,"The International Academy, Research and Industry Association (IARIA)",http://www.iaria.org/
1244,The International Journal Research Publications (TIJ Research Publications),http://www.theinternationaljournal.org/ojs/index1.htm
1245,The Science and Information Organization (SAI),http://thesai.org/
1246,The Scientific Pages (new website at Scholarly Pages),http://thescientificpages.org/
1247,The Standard International Journals,http://www.thesij.com/
1248,The Academy of Business & Retail Management (ABRM),http://www.abrmr.com/
1249,The Business Management Centre,http://www.bizmanagementcentre.com/
1250,The Grant Medical Journals (GMJ),http://grantmedicaljournals.org/
1251,"The International Association for Information, Culture, Human and Industry Technology",http://www.aicit.org/publications.html
1252,The International Technology Innovation (ITi),http://theiti.net/
1253,The Research and Information Organization (RIO),http://riojournals.com/home/
1254,The Science Publishers (TSP),http://thesciencepublishers.com/
1255,The SciTech Publishers,http://www.thescitechpub.com/publishers/index.aspx
1256,The Society of Digital Information and Wireless Communications (SDIWC),http://sdiwc.net/
1257,The World Academy of Research in Science and Engineering (WARSE),http://warse.org/
1258,Thetic Journals,http://theticjour.in/
1259,Thomson & Ryberg Publications,http://www.trpubonline.com/index.php
1260,Thomson.id,http://thomson.id/
1261,TI Journals,http://waprogramming.com/
1262,Time Journals,http://www.timejournals.org/
1263,Timeline Publication Pvt. Ltd.,http://timelinepublication.com/
1264,TLEP Journals (The Leading Edge Journal Publication Company),http://www.tlepub.org/en/
1265,TMR Publishing Group,https://www.tmrjournals.com/
1266,Tomas Publishing,http://tomaspubs.com/
1267,Topclass Global Journals,http://www.topclassglobaljournals.org/
1268,"Trade Science, Inc",http://www.tsijournals.com/
1269,Trans Stellar (Transstellar),http://www.tjprc.org/index.php
1270,Transaction Series on Engineering Sciences and Technologies,http://www.tsest.org/
1271,Transcontinental Publishers,http://icjpublishers.org/index.php
1272,Transnational Research Journals (formerly Universal Research Journals),http://universalresearchjournals.org/
1273,"TSNS “Interaktiv plus”, LLC",https://interactive-plus.ru/en
1274,TSPublications,https://sites.google.com/a/tspublications.org/tspublications/home
1275,Tulpar Academic Publishing,http://www.challengejournal.com/
1276,U.S. Science Press,http://usspress.com/
1277,UHIVE (Uluslararası Hakemli İletişim ve Edebiyat Araştırmaları Dergisi) (also here),http://www.uhedergisi.com/?sayfa=icerik&tur=icerik&kategori=diger-dergilerimiz&icerik=diger-dergilerimiz
1278,UK Education Consultancy Services Ltd,https://uk-education.com/publications
1279,Ulster Press,http://ulster-press.uk/
1280,Unified Journals,http://unifiedjournals.org/
1281,Unique Journals Communication (UJC),http://www.ujconline.net/
1282,Unique Research Journals,http://www.uniqueresearchjournals.com/index.htm
1283,Uniscience Publishers,https://unisciencepub.com/
1284,"United Prime Publications, Universal Access Medical Publishers",https://www.untdprimepub.com/
1285,United Scholars Publications,http://www.unitedscholars.net/home.html
1286,United Scientific Group,http://unitedscientificgroup.com/
1287,Universal Association of Computer and Electronics Engineers (UACEE),http://uacee.org/
1288,Universal Association of Mechanical and Aeronautical Engineers (UAMAE),http://uamae.org/
1289,Universal Publishing & Research Organization (UPRO),http://www.upro.org.in/
1290,Universal Research Group,http://universalrg.org/index.aspx
1291,Universal Research Publications,http://urpjournals.com/contactus.php
1292,Universal Wiser Publisher,http://www.wiserpub.com/
1293,Universe Scientific Publishing,http://www.usp-pl.com/
1294,UniversityPublications.net,http://www.universitypublications.net/index.html
1295,Universum Scientific Journals (also here),http://7universum.com/en/
1296,Uptodate Research Publication,http://www.uptodateresearchpublication.com/
1297,URO Journals,http://www.urojournals.com/
1298,USN Scientific Journal,http://usnsj.com/index.php/index/index
1299,Valley International Journals,http://valleyinternational.net/index.php
1300,VBRI Press,http://www.vbripress.com/
1301,Verizona Publisher (VZP),http://verizonaonlinepublishing.com/
1302,"Vernon Innovative Publishers (Vernon, VIPOA, Vernon Open Access)",http://www.vipoa.org/
1303,VIBGYOR Online Publishers,http://vibgyorpublishers.org/main/index.php
1304,Victorquest Publications,http://victorquestpub.com/
1305,Vidya Publications,http://vidyapublications.com/home.php
1306,Virtual Foundation for Advancement of Science and Technology (VFAST),http://www.vfast.org/
1307,Virtus Interpress,https://virtusinterpress.org/
1308,"Vision Science Research Sdn Bhd (VSR, see also Universe Scientific Publishing)",http://vision-science.com/
1309,VNMPublication,http://www.vnmpublication.com/Journal.htm
1310,Vow Scientific Quest,http://vowscientificquest.com/
1311,VRJ Publishers,http://www.vrjpublishers.com/index.php/index/index
1312,VSRD International Journals,http://www.vsrdjournals.com/
1313,Walsh Medical Media,https://www.walshmedicalmedia.com/
1314,Watch Plus,http://www.watchpub.org/index.htm
1315,Webcrawler Journals,http://webcrawlerjournals.org/
1316,Wesley & Eber Publishing,http://weberpub.org/
1317,West East Institute,http://www.westeastinstitute.com/
1318,We-Together to Save Yourself Society,http://www.sospublication.co.in/index.php
1319,WFL Publisher,http://world-food.net/
1320,Whioce Publishing Pte. Ltd.,http://www.whioce.com/
1321,Whites Science,http://whitesscience.com/
1322,Wilolud Journals,http://www.wiloludjournal.com/page.php?3
1323,Wireilla Scientific Publications,http://wireilla.com/
1324,WisdomGale Academic Publishing,https://wisdomgale.com/
1325,WIT Press,http://www.witpress.com/
1326,WOAR Journals (World Organization of Academic Research),https://www.woarjournals.org/
1327,World Academic Journal of Business & Applied Sciences (WAJBAS Publishing),http://wajbas.webs.com/
1328,World Academic Publishing,http://www.academicpub.org/
1329,World Academic Research Journals (WARJ),http://www.worldacademicresearchjournals.org/
1330,World Academic Union,http://www.worldacademicunion.com/default.html
1331,World Academy of Research and Publication,http://www.warponline.org/
1332,World Academy of Science and Technology (WAST),http://www.wastinc.us/
1333,"World Academy of Science, Engineering and Technology (WASET)",http://www.waset.org/publications.php
1334,World Business Institute (also here),http://www.wbiworld.org/
1335,World Journal of Publisher (WJP),http://www.wjp.co.in/
1336,World Journals of Academic Advances,http://www.wjoaa.org/
1337,World Open Access Journals,http://www.woaj.org/
1338,World Research Journals,http://worldresearchjournals.com/
1339,World Research Library,http://worldresearchlibrary.org/journal.php
1340,World Research Publications,http://www.wrpjournals.com/
1341,World Scholars,http://wscholars.com/
1342,World Science and Research Publishing (WSRP),http://www.wsrpublishing.com/index.php/wsrp
1343,World Science Publisher,http://www.worldsciencepublisher.org/index.php
1344,World Science Research Journals (WSR Journals),http://www.wsrjournals.org/
1345,World Scientific and Engineering Academy and Society (WSEAS),http://www.wseas.org/
1346,World Scientific Publishing,https://www.worldscientific.com/
1347,World Standard Organization,http://standard.org/
1348,World Wide Journals (Sara Book Publication),http://www.worldwidejournals.com/
1349,Wudpecker Research Journals,http://www.wudpeckerresearchjournals.org/
1350,Wyno Academic Journals,http://www.wynoacademicjournals.org/index.html
1351,Wyvern Publishing Group,http://www.wyvernpublishinggroup.com/
1352,Xia & He Publishing (also here),http://www.xandhpublishing.com/Default.aspx?sid=1
1353,Yellow Loop Journal,http://journal.yloop.com/
1354,Zant World Press,http://zantworldpress.com/
1355,Zeal Scienza Realm of Erudition,http://zealscienza.com/zealscienza/
1356,ZealSci Journals,http://www.zealscijournals.com/index.html
1357,Zeetarz Group Publishing,http://www.zeetarz.com/
1358,Zendo Academic Publishing (ZAP),https://zapjournals.com/Journals/index.php
1359,Zenith International Research and Academic Foundation (ZIRAF),http://www.zenithresearch.org.in/
1360,Zia World Press,http://ziaworldpress.com/
1361,ZolCat Academic House,http://www.zolcat.com/
1362,Zt-Journals,http://www.ztjournals.com/
1363,Zygoscient,http://zygoscient.org/